nama_produk;brand;sub_kategori;jenis_kulit;finish_type;benefit;gambar
Glad2Glow Perfect Cover Cushion ;GLAD2GLOW;Cushion;All Skin Type ;Matte;Full Coverage, Waterproof, Transferproof, Shine-Control;c_g2g.jpeg
Glad2Glow Perfect Cover Glow Cushion ;GLAD2GLOW;Cushion;All Skin Type;Glow;Instant Pore-Blurring, 10H Long Lasting, Skin-Barrier Friendly;c_g2g_glow.jpeg
Sea Makeup Fix and Flawless Silk Cushion;SEA MAKEUP;Cushion;All Skin Type;Matte;Acne Care (Salicylic Acid), Oil Control, High Coverage;c_seamakeup.jpeg
OMG Coverlast Cushion;OMG;Cushion;Acne-Prone, Oily;Dewy;12H Long Lasting, Oil Control, SPF 15 PA++;c_omg.jpeg
Skintific Cover All Perfect Cushion;SKINTIFIC;Cushion;All Skin Type;Natural;5X Ceramide Hybrid Serum, 12H Long Lasting, SPF35 PA++++;c_skfc_all.jpeg
Skintific Perfect Stay Velvet Matte Cushion;SKINTIFIC;Cushion;All Skin Type;Matte;24H Fresh Flawless, Shine-Control, Pore-Blurring;c_skfc_velvet.jpeg
Skintific Cover Glow Perfect Cushion;SKINTIFIC;Cushion;Oily, Combination;Glow;5X Ceramide Serum, 12H Long Lasting, SPF 35 PA++++;c_skfc_glow.jpeg
Wardah Colorfit Perfect Glow Cushion;WARDAH;Cushion;Normal, Dry, Acne-Prone;Glow;SkinMatch Technology, 12H Long Lasting, SPF 33 PA+++;c_w_matte.jpeg
Wardah Colorfit 5D Blur Cloud Cushion;WARDAH;Cushion;Normal, Dry Skin;Matte;5D Pore-Blurring, 18H Long-Lasting, Au,-Fit;c_w_dewy.jpeg
Esqa Flawless Cushion Serum ;ESQA;Cushion;Normal, Oily;Natural;5-in-1 Premium Serum, Hydrating, SPF 50+ PA+++;c_esqa.jpeg
Make Over Hydrastay Prismatic Glass Cushion;MAKE OVER;Cushion;Dry, Acne-Prone;Dewy;Deep Hydrating, SPF 20 PA++, Hypoallergenic;c_makeover_ab.jpeg
Make Over Powerstay Sync Matte Cushion;MAKE OVER;Cushion;Dry, Normal Skin;Matte;24H Oil Control, Transferproof, Maskproof;c_makeover_ht.jpeg
BNB Bloomatte Perfect Zoom Cover Cushion;BARENBLISS;Cushion;Normal, Oily;Matte;16H Breathable Wear, Waterproof, Sweatproof;c_bnb.jpeg
Oh My Glam Coverlast Liquid Foundation;OMG ;Foundation;All Skin Type;Natural;12H Long Lasting, SPF 15 PA++, Oil Control;f_omg.jpeg
Maybelline Superstay Lumi Matte Liquid Foundation ;MAYBELLINE;Foundation;All Skin Type;Matte;30H Wear, Sweatproof, Transferproof, Weightless;f_maybelline.jpeg
Fit Me Matte + Poreless Liquid Foundation ;MAYBELLINE;Foundation;All Skin Type;Matte;Oil Control, Pore-Blurring, SPF 22;f_fitme.jpeg
WARDAH Lightening Liquid Foundation ;WARDAH;Foundation;Oily;Natural;Micronized Bright Pigment, SPF 30 PA+++, Airy Lightweight;f_wardah.jpeg
MAKE OVER Powerstay 24H Weightless Liquid Foundation;MAKE OVER;Foundation;All Skin Type;Matte;24H Long Lasting, Weightless, SPF 30 PA+++;f_makeover.jpeg
L’Oreal Paris Infallible 32 Hr Matte Cover Liquid Foundation;L’Oreal Paris;Foundation;Normal, Oily;Matte;32H Transferproof, Waterproof, Sweatproof;f_loreal.jpeg
Dazzle Me Cover Me Serum Foundation ;Dazzle Me;Foundation;All Skin Type;Natural, Matte;Breathable Coverage, 11H Oil-Control, SPF 25 PA+++;f_dazzle.jpeg
GLAD2GLOW FLAWLESS BLURRING SKIN TINT ;GLAD2GLOW ;Skin Tint;All Skin Type;Natural;Pore Blurring, Lightweight, SPF 35 PA+++;st_g2g.jpeg
ESQA Minimalist Blurring Serum Skin Tint ;ESQA;Skin Tint;All Skin Type;Natural;Peptide-Infused, Blurring Effect, SPF 35 PA++++;st_esqa.jpeg
SKINTIFlC Perfect Coverage Blurring Skin Tint ;SKINTIFlC;Skin Tint;All Skin Type;Natural;24H Stay, Blurring, SPF 35 PA++++;st_skintific.jpeg
Wardah Skin Tint Pink Colorfit Supercharged Serum Tint ;WARDAH;Skin Tint;All Skin Type;Natural;5X Skin Booster, SPF 35 PA+++, Hydrating;st_wardah.jpeg
Luxcrime Perfecting Hydralight Skin Tint ;LUXCRIME;Skin Tint;All Skin Type;Dewy;Hydrating Serum, SPF 35 PA+++, Anti-Pollutant;st_luxcrime.jpeg
SOMETHINC Copy Paste Tinted Sunscreen;SOMETHINC;Skin Tint;All Skin Type;Glow;SPF 40 PA++++, Ultra-Lightweight, Breathable Skin;st_somethinc.jpeg
Sea Makeup Soft Focus Skintint Perfec,r ;SEA MAKEUP;Skin Tint;All Skin Type;Matte;Salicylic Acid Treatment, Lightweight, ;st_seamakeup.jpeg
BNB barenbliss Bloomdew Inner Light Serum Tint;BARENBLISS;Skin Tint;Acne-Prone ;Dewy;24H Moisture Lock, Lightweight, SPF 35 PA+++;st_bnb.jpeg
Rose All Day The Realest Lightweight Skin Tint ;ROSE ALL DAY;Skin Tint;All Skin Type;Natural;Pore-Blurring, Anti-Pollutant, SPF 30 PA++;st_roseallday2.jpeg
YOU Cloud,uch 3% Niacinamide Acne Defense Skin Tint;YOU Beauty;Skin Tint;Oily, Acne-Prone ;Natural, Matte;Centella Asiatica Infused, Oil Control, Calming;st_you_a.jpeg
YOU Cloud,uch 3% Niacinamide Brightening Skin Tint;YOU Beauty;Skin Tint;All Skin Type;Natural, Matte;Brightening Serum Infused, Transferproof, 12H Oil Control;st_you_b.jpeg
GLAD2GLOW Perfect Blurring Powder ;GLAD2GLOW ;Powder;All Skin Type;Natural;Ultra-Fine Powder, Oil Control, Poreless Look;pw_g2g.jpeg
Sea Makeup Acne Blur and Set Loose Powder;SEA MAKEUP;Powder;Acne-Prone ;Matte;Micro Powder, Acne Care, Oil Control;pw_seamakeup.jpeg
Judydoll Two Way Cake;JUDYDOLL;Powder;Acne-Prone, Oily;Matte;Waterproof, Sweatproof, High Cover;pw_judydoll.jpeg
DAZZLE ME Better Than Filter Fixed Loose Powder ;DAZZLE ME;Powder;Acne-Prone, Oily;Matte;12H Oil-Control, Waterproof, Filter Effect;pw_dazzleme.jpeg
WARDAH TWC Colorfit Velvet Powder Foundation;WARDAH ;Powder;All Skin Type;Natural;12H Long Lasting, SkinMatch Technology, SPF 20 PA+++;pw_wardah.jpeg
WARDAH Loose Powder Lightening Matte Powder;WARDAH;Powder;All Skin Type;Matte;Oil Control, Brightening (Licorice Extract);pw_w_l.jpeg
OMG Oh My Glam Coverlast Two Way Cake;OMG;Powder;All Skin Type;Matte;12H Long Lasting, Oil Control, SPF 15 PA++;pw_omg.jpeg
SKINTIFIC Invisiblur All Day Loose Powder;SKINTIFIC;Powder;All Skin Type;Matte;12H Oil Control, Pore Blurring, Makeup Setting;pw_skintific.jpeg
O.TWO.O 3D Soft Focus Face Powder;O.TWO.O;Powder;Oily;Matte;Waterproof, 24H Oil Control, Hydrating, Pore Blurring, Fine Line Blurring;pw_otwo.jpeg
Implora Day, Day Two Way Cake;IMPLORA;Powder;Dry, Normal, Combination;Natural;Lightweight, Pore Blurring, Long Lasting, Medium to High Coverage;pw_imp_twc.jpeg
Sea Makeup Acne Cover Smooth Two Way Cake;SEA MAKEUP;Powder;Acne-Prone, Oily, Dry;Matte;High Coverage, 24H Long Lasting, Pore Blurring, Acne Care;pw_sea_c.jpeg
Hanasui Perfect Fit Setting Powder;HANASUI;Powder;Oily, Normal, Combination;Natural;Oil Control, Vitamin E Infused, Anti-Pollution, Lightweight, Natural Coverage;pw_hanasui.jpeg
Luxcrime Blur & Cover Two Way Cake Powder;LUXCRIME;Powder;Dry, Normal;Dewy,Glow;Buildable Coverage, All-Day Long Lasting, Flawless Dry Skin Base, Pore Blurring;pw_lux.jpeg
Pixy Airy Stay Two Way Cake Filter Free;PIXY ;Powder;Normal, Combination, Oily;Natural;Lightweight, UV Protection (SPF 30 PA+++), Long Lasting, Pore Blurring;pw_pixy.jpeg
Pinkflash OhMySelf Matte Loose Powder;PINKFLASH;Powder;Oily;Matte;Oil Control, Waterproof, Sweatproof,Long Lasting, Lightweight;pw_pf.jpeg
Pigeon Teens Acne Ranger Loose Powder;PIGEON;Powder;Acne-Prone, Oily;Natural, Matte;Oil Control, Lightweight, Acne Soothing, Jojoba & Chamomile Protection;pw_pigeon.jpeg
Barbie x Dazzle Me Better Than Filter HD Invisible Powder;DAZZLE ME;Powder;Oily, Combination;Matte;24H Dual Oil Control, Texture Smoothing, Pore Blurring, Fine Line Blurring, Weightless;pw_dazzle_i.jpeg
Glad2Glow Perfect Blur Cover Loose Powder;GLAD2GLOW;Powder;Oily, Combination, Normal;Matte;Makeup Setting, Oil Control, Pore Blurring, Air Blurry Technology, Extra Flawless Coverage, Hydrating;pw_g2g_l.jpeg
Dazzle Me Better Than Filter Double Kill TWC;DAZZLE ME;Powder;Oily;Matte;Long Wear, Fast Oil Fix, Waterproof, 12H Long Lasting, High Coverage;pw_dazzle_c.jpeg
Implora Rose 3in1 Compact Powder Foundation;IMPLORA;Powder;Normal, Combination;Natural;3in1 Multi-functional, Long Lasting, Imperfection Concealing;pw_imp.jpeg
Focallure Oil Control Loose Powder ;FOCALLURE;Powder;Oily;Matte;Oil Control, 12H Long Lasting, Waterproof, Sweatproof, Makeup Setting;pw_foc_l.jpeg
Focallure Oil Control Pressed Powder;FOCALLURE;Powder;Oily, Combination;Matte;Fast Oil Control, Long Lasting, Pore Blurring, Texture Smoothing;pw_foc.jpeg
Inez Color Contur Plus Face Powder;INEZ;Powder;Normal, Combination;Matte, Natural;UV Protection, Oil Control, Lightweight;pw_inez.jpeg
Dazzle Me Acne Armor Cover & Correct Skin Tint;Dazzle Me;Skin Tint;Acne-Prone, Oily;Matte;12H Long Lasting, 3X Soothing Boost, Oil Control, UV Filter, Weightless;st_dazzle.jpeg
Madame Gie Veil Cover Foundation;MADAM GIE;Foundation;All Skin Type;Matte;High Coverage, Blur Imperfections, Long Lasting, Lightweight;f_mg.jpeg
Wardah Luminous Liquid Foundation;WARDAH;Foundation;All Skin Types;Matte;Lightweight, Long Lasting, UV Protection (SPF 15);f_wardah_l.jpeg
Goute Liquid Foundation Full Coverage;GOUTE;Foundation;All Skin Types;Matte;Full Coverage, Waterproof, 24H Long Lasting, Anti-Crack;f_gt.jpeg
MOP So X-Tra Hybrid Matte Foundation;MOP;Foundation;All Skin Types;Matte;UV Protection (SPF 40 PA++), Full Coverage, Lightweight;f_mop.jpeg
Barenbliss Bloomatte Stay Confident 2-in-1 Foundation;BARENBLISS;Foundation;All Skin Types;Matte;16H Long Lasting, Waterproof, UV Protection (SPF 50+ PA+++), 2-in-1 Dual Function;f_bnb.jpeg
Focallure Bare Multi-Effect Skin Tint;FOCALLURE;Skin Tint;All Skin Types;Natural ;Lightweight, Breathable Coverage, UV Protection (SPF 30 PA+++), Multi-Effect Base;st_foc.jpeg
Implora Even Better Liquid Foundation;IMPLORA;Foundation;All Skin Types;Natural, Matte;Natural Cover, Skin Lightening, Dark Spot Concealing, Weightless Blend;f_imp.jpeg
Pinkflash Lasting Matte Foundation;PINKFLASH;Foundation;Oily, Combination;Matte;Full Coverage, Oil Control, Super Long Lasting, Blur Imperfections;f_pf.jpeg
Implora Healthy Glow Cushion;IMPLORA;Cushion;All Skin Types;Glow;Lightweight, Hydrating, UV Protection, Dark Spot Concealing;c_imp.jpeg
Etude Cloud Filter Cushion;ETUDE;Cushion;All Skin Types;Matte;UV Protection (SPF 42 PA++), Long Lasting, Smooth Texture, Weightless Formula;c_etude.jpeg
Hanasui Next Level Coverlock Powder Foundation;HANASUI;Powder;All Skin Types;Matte;4X Oil Control, Porefect Blur, Flawless Looking, Long Lasting;pw_hanasui_c.jpeg
Becoming Bare Matte Ultra Cover Skin Tint;BECOMING;Skin Tint;All Skin Types;Matte;Ultra Cover, Buildable Medium Coverage, Lightweight Daily Base, UV Protection (SPF 40 PA+++);st_bc.jpeg
Becoming Bare Matte HD Cushion Foundation;BECOMING;Cushion;Oily, Sensitive;Matte;12H Long Lasting, Medium to High Coverage, Lightweight;c_bc.jpeg
Goute Cushion Cover Plus;GOUTE;Cushion;All Skin Types;Dewy;Dewy Flawless, Low Oxidation, Lightweight, Long Lasting;c_gt.jpeg
Nuface Flawless Serum Cushion;NUFACE;Cushion;All Skin Types;Dewy;Serum Formula, UV Protection (SPF 30 PA++), Lightweight, Medium to High Coverage;c_nuface.jpeg
MAKE OVER Hydrastay Glow Fluid;MAKE OVER;Foundation;Dry;Glow;Deep Hydrating, Medium Coverage, SPF 30 PA+++;f_makeover_g.jpeg
